median_error,mean_error,p95_error,scale,offset_minutes,n
0.875,2.2145818181817876,7.192999999999879,1.0,-180,55
4.088000000000193,5.994109090909065,18.803599999999822,1.0,-210,55
4.809999999999945,6.892653846153822,19.48589999999973,1.0,-240,52
5.39449999999988,8.373592592592574,25.837499999999793,1.0,-270,54
6.7029999999999745,8.8949454545454,23.168499999999675,1.0,-300,55
7.938999999999851,10.230557692307684,28.166849999999783,1.0,-150,52
8.138000000000147,11.183596153846164,31.201300000000064,1.0,-120,52
8.875999999999749,10.392872727272698,30.992599999999488,1.0,-330,55
9.135000000000218,13.536745098039212,30.864000000000033,1.0,-570,51
9.300000000000182,12.51961818181821,32.523099999999815,1.0,-360,55
10.4699999999998,13.915156862745093,34.29300000000012,1.0,-600,51
10.614999999999782,13.351054545454513,30.394000000000048,1.0,-480,55
10.699999999999818,12.60207272727268,27.04199999999999,1.0,-390,55
10.774499999999989,13.878711538461507,33.64284999999994,1.0,-540,52
10.89799999999991,13.586759259259225,35.391999999999946,1.0,-510,54
11.329500000000053,14.950865384615387,35.4593000000001,1.0,-90,52
11.804999999999836,14.90975510204077,38.047999999999945,1.0,-630,49
11.980000000000018,14.427618181818177,34.05210000000015,1.0,-450,55
12.02000000000021,16.767942307692262,37.2506499999998,1.0,-60,52
12.992999999999938,16.029372549019598,40.18299999999999,1.0,-660,51
13.250500000000102,17.383939999999992,39.15729999999979,1.0,0,50
13.76299999999992,13.281181818181787,27.18910000000013,1.0,-420,55
13.889000000000124,15.859708333333364,42.52145000000011,1.0,-720,48
14.130999999999858,18.827510638297902,50.22979999999968,1.0,270,47
14.18899999999985,15.565187499999999,39.79154999999996,1.0,-690,48
14.252999999999929,17.78121153846154,42.70475000000013,1.0,-30,52
14.2650000000001,18.05095833333334,47.22144999999975,1.0,60,48
14.395499999999856,18.011479166666646,44.471150000000094,1.0,90,48
14.58199999999988,18.57551063829787,41.79869999999982,1.0,30,47
14.590999999999894,20.742547619047574,58.36684999999999,1.0,540,42
14.925000000000182,18.264702127659522,42.699599999999954,1.0,120,47
15.178499999999985,20.70371739130433,53.2277499999999,1.0,300,46
15.242999999999938,18.813787234042564,46.471300000000056,1.0,240,47
15.431999999999789,20.775780487804894,57.63599999999997,1.0,510,41
15.60299999999961,20.33571111111112,55.43300000000035,1.0,360,45
15.824999999999818,18.911911111111092,45.57659999999995,1.0,180,45
15.850000000000364,19.20227906976747,52.734700000000245,1.0,420,43
15.880499999999756,19.723869565217395,47.80799999999988,1.0,210,46
16.08050000000003,20.078977272727272,54.14139999999967,1.0,330,44
16.388000000000375,20.49343902439026,47.5659999999998,1.0,720,41
16.52350000000024,18.63030434782607,41.60624999999993,1.0,150,46
16.725000000000364,21.405384615384637,55.045000000000215,1.0,480,39
16.75299999999993,21.599214285714318,59.2605500000001,1.0,570,42
17.202999999999975,20.999488888888827,54.77219999999967,1.0,390,45
18.13700000000017,20.433707317073218,42.57099999999991,1.0,690,41
18.371999999999844,20.115302325581386,42.55140000000019,1.0,660,43
18.517499999999927,20.538499999999978,56.13299999999991,1.0,450,40
18.531999999999698,22.012365853658515,45.759000000000015,1.0,630,41
20.70699999999988,22.898512195121995,57.17100000000028,1.0,600,41
2753.583,2757.43475,3013.3764,0.1,450,40
2753.78975,2759.737071428571,3011.22355,0.1,540,42
2754.00775,2751.147295454545,2981.7349999999997,0.1,330,44
2765.8185,2762.791658536585,3012.1025,0.1,510,41
2766.1475,2754.242769230769,2985.14635,0.1,480,39
2767.9674999999997,2763.508872093023,3007.25255,0.1,420,43
2768.0275,2755.7524888888893,2982.2619,0.1,360,45
2768.0305,2757.5453888888887,3005.3311000000003,0.1,390,45
2768.2385,2755.059776595745,3002.49885,0.1,30,47
2782.3395,2762.232847826088,3003.245375,0.1,300,46
2784.368,2765.3534499999996,2998.734075,0.1,0,50
2787.15575,2771.934365384616,3003.681925,0.1,-540,52
2794.0695,2771.539231707317,3013.684,0.1,630,41
2794.3905,2768.8966707317068,3015.1485000000002,0.1,600,41
2794.4205,2769.9335,3008.86935,0.1,660,43
2796.6215,2766.9303723404255,3002.8877,0.1,240,47
2797.009,2780.050256097561,3011.4955,0.1,720,41
2797.26,2780.2233170731706,3011.1445000000003,0.1,690,41
2797.2755,2767.0369361702124,3002.60635,0.1,270,47
2797.4555,2770.894067307693,3002.6678,0.1,-150,52
2797.6225000000004,2772.9577142857147,3012.06095,0.1,570,42
2797.75875,2770.5424021739127,3004.0862500000003,0.1,210,46
2798.09725,2770.8272788461536,3002.95165,0.1,-120,52
2798.3095,2780.9904795918364,3005.3732,0.1,-630,49
2798.33275,2776.944027777778,3010.11335,0.1,-510,54
2798.442,2773.8522636363637,3009.7859000000003,0.1,-420,55
2798.4790000000003,2775.8412843137253,3003.8227500000003,0.1,-660,51
2798.4805,2778.0042211538457,3010.865175,0.1,-240,52
2798.5434999999998,2773.726236363636,3010.2108000000003,0.1,-210,55
2798.5434999999998,2773.9223090909095,3010.2952,0.1,-180,55
2798.6035,2776.5288333333333,3010.6196,0.1,-270,54
2798.6485000000002,2766.825010416667,3001.798475,0.1,90,48
2798.743,2773.8784181818187,3010.1453,0.1,-480,55
2798.771,2773.971445454546,3009.7102,0.1,-360,55
2798.908,2772.9573085106385,3002.8222,0.1,120,47
2798.935,2773.857563636364,3009.7268,0.1,-390,55
2798.95,2773.9541454545456,3009.59245,0.1,-330,55
2798.9735,2773.913254545454,3010.4083,0.1,-300,55
2799.122,2773.172288888889,3005.1387,0.1,180,45
2799.1279999999997,2769.3393125000002,3001.684225,0.1,60,48
2799.186,2773.7822272727276,3010.0981500000003,0.1,-450,55
2799.2145,2770.632701923077,3002.4972500000003,0.1,-90,52
2799.2799999999997,2781.7844583333335,3005.65605,0.1,-720,48
2799.4955,2776.0709215686275,3004.43225,0.1,-570,51
2799.521,2787.9655098039216,3004.272,0.1,-600,51
2800.3940000000002,2770.5956826923075,3002.121825,0.1,-30,52
2800.9030000000002,2770.659509615385,3002.8555499999998,0.1,-60,52
2810.8145,2775.6013586956524,3003.94575,0.1,150,46
2811.6267500000004,2784.7767291666664,3005.44815,0.1,-690,48
3029.5837500000002,3033.901745,3312.254025,0.01,450,40
3029.6044250000004,3036.2853428571434,3308.65645,0.01,540,42
3029.626225,3026.937813636364,3279.307535,0.01,330,44
3046.12305,3039.7445975609758,3309.77255,0.01,510,41
3046.15595,3030.3009230769235,3283.122805,0.01,480,39
3046.33795,3040.6700569767445,3306.625985,0.01,420,43
3046.34395,3032.153348888889,3279.0893699999997,0.01,360,45
3046.34425,3034.1350988888894,3303.77227,0.01,390,45
3046.36505,3031.638096808512,3302.642955,0.01,30,47
3057.183825,3061.5484444999997,3342.1417875,0.001,450,40
3057.1858925,3063.94017,3338.39974,0.001,540,42
3057.1880725,3054.5168654545455,3309.0647885000003,0.001,330,44
3062.3218500000003,3039.3028173913044,3302.2329125,0.01,300,46
3062.5247,3042.8922730000004,3299.1818625,0.01,0,50
3062.8034749999997,3049.4360038461537,3305.6807274999996,0.01,-540,52
3074.153505,3067.439891463415,3339.5395550000003,0.001,510,41
3074.156795,3057.906738461538,3312.9204505,0.001,480,39
3074.174995,3068.386175465116,3336.5633285000004,0.001,420,43
3074.175595,3059.793434888889,3308.772117,0.001,360,45
3074.175625,3061.7940698888883,3333.616387,0.001,390,45
3074.177705,3059.2959288297866,3332.6573654999997,0.001,30,47
3078.04155,3049.341869512195,3309.9307000000003,0.01,630,41
3078.0736500000003,3046.5351353658534,3310.07715,0.01,600,41
3078.07665,3047.6143616279073,3307.3928250000004,0.01,660,43
3078.29675,3044.558073404255,3302.68184,0.01,240,47
3078.3355,3058.7546500000003,3309.71185,0.01,720,41
3078.3606,3058.9097658536584,3309.67675,0.01,690,41
3078.36215,3044.568729787234,3302.653705,0.01,270,47
3078.38015,3048.5288105769223,3303.222215,0.01,-150,52
3078.39685,3051.105521428571,3308.74019,0.01,570,42
3078.4104749999997,3048.461668478261,3303.8299,0.01,210,46
3078.4443250000004,3048.5221317307705,3303.2506000000003,0.01,-120,52
3078.46555,3059.4733561224493,3308.1647,0.01,-630,49
3078.4678750000003,3054.8062694444443,3311.406935,0.01,-510,54
3078.4788,3051.429993636363,3311.11229,0.01,-420,55
3078.4825,3053.836981372549,3306.4664249999996,0.01,-660,51
3078.48265,3056.1543701923083,3312.0059175,0.01,-240,52
3078.48895,3051.417390909091,3311.1547800000003,0.01,-210,55
3078.48895,3051.4369981818186,3311.16322,0.01,-180,55
3078.4949500000002,3054.4023500000008,3311.45756,0.01,-270,54
3078.4994500000003,3044.4603760416667,3301.5447125,0.01,90,48
3078.5089000000003,3051.4326090909085,3311.1482300000002,0.01,-480,55
3078.5117,3051.441911818182,3311.10472,0.01,-360,55
3078.5254,3051.2108159574473,3302.67529,0.01,120,47
3078.5281,3051.4305236363634,3311.10638,0.01,-390,55
3078.5296,3051.4401818181823,3311.092945,0.01,-330,55
3078.53195,3051.4360927272733,3311.1745300000002,0.01,-300,55
3078.5468,3051.447988888889,3304.96335,0.01,180,45
3078.5474,3047.3154312499996,3301.5332875000004,0.01,60,48
3078.5532,3051.4229899999996,3311.143515,0.01,-450,55
3078.55605,3048.502674038461,3303.20516,0.01,-90,52
3078.5626,3060.4587333333334,3308.9646,0.01,-720,48
3078.58415,3053.9951745098037,3306.5273749999997,0.01,-570,51
3078.5867,3067.170462745098,3306.5113499999998,0.01,-600,51
3078.674,3048.4989721153843,3303.1676175000002,0.01,-30,52
3078.7249,3048.505354807692,3303.2409900000002,0.01,-60,52
3090.3200850000003,3067.009814347826,3332.1316662500003,0.001,300,46
3090.34037,3070.6461553,3329.2266412500003,0.001,0,50
3090.3682475,3077.1861676923077,3335.88060775,0.001,-540,52
3091.178,3054.1938641304355,3303.8158500000004,0.01,150,46
3091.259225,3063.7236666666668,3308.9438099999998,0.01,-690,48
3106.438755,3077.122133292683,3339.55537,0.001,630,41
3106.441965,3074.2989818292685,3339.5700150000002,0.001,600,41
3106.442265,3075.382447790698,3337.2451725,0.001,660,43
3106.4642750000003,3072.3208435106385,3332.661254,0.001,240,47
3106.46815,3086.625089390244,3339.5334850000004,0.001,720,41
3106.47066,3086.7784107317075,3339.5299750000004,0.001,690,41
3106.470815,3072.321909148936,3332.6584405,0.001,270,47
3106.472615,3076.292284903847,3333.2776565,0.001,-150,52
3106.4742850000002,3078.920302142857,3338.408114,0.001,570,42
3106.4756475000004,3076.253595108695,3333.8042649999998,0.001,210,46
3106.4790325,3076.2916170192307,3333.280495,0.001,-120,52
3106.481155,3087.321643775511,3338.4438499999997,0.001,-630,49
3106.4813875,3082.5924936111114,3341.5362935000003,0.001,-510,54
3106.48248,3079.187766636364,3341.244929,0.001,-420,55
3106.48285,3081.6365510784312,3336.7307925,0.001,-660,51
3106.482865,3083.9693850961535,3342.1199917500003,0.001,-240,52
3106.483495,3079.1865063636365,3341.249178,0.001,-210,55
3106.483495,3079.1884670909085,3341.250022,0.001,-180,55
3106.4840950000003,3082.189701666666,3341.541356,0.001,-270,54
3106.4845450000003,3072.2239126041663,3331.51933625,0.001,90,48
3106.48549,3079.188028181818,3341.248523,0.001,-480,55
3106.4857700000002,3079.188958454546,3341.244172,0.001,-360,55
3106.48714,3079.036166702128,3332.6605990000003,0.001,120,47
3106.48741,3079.1878196363627,3341.244338,0.001,-390,55
3106.48756,3079.1887854545453,3341.2429945,0.001,-330,55
3106.487795,3079.1883765454545,3341.251153,0.001,-300,55
3106.4892800000002,3079.275558888889,3334.945815,0.001,180,45
3106.48934,3075.113043125,3331.51819375,0.001,60,48
3106.48992,3079.187066272727,3341.2480515,0.001,-450,55
3106.490205,3076.2896712499996,3333.275951,0.001,-90,52
3106.49086,3088.326160833333,3339.295455,0.001,-720,48
3106.493015,3081.7875998039217,3336.7368875,0.001,-570,51
3106.49327,3095.0909580392154,3336.7352849999997,0.001,-600,51
3106.5020000000004,3076.2893010576927,3333.27219675,0.001,-30,52
3106.50709,3076.2899393269236,3333.279534,0.001,-60,52
3119.21435,3082.0531146739136,3333.8028600000002,0.001,150,46
3119.2224725,3091.6183604166667,3339.293376,0.001,-690,48
27550.6665,27660.572785714285,30230.594399999994,10.0,540,42
27557.755999999998,27612.154153846157,30134.5682,10.0,480,39
27594.841499999995,27653.9347,30295.725850000003,10.0,450,40
27677.456,27702.031634146348,30271.432999999997,10.0,510,41
27680.254500000003,27585.809704545452,30174.16215,10.0,330,44
27695.436499999996,27753.245865384615,30216.186349999996,10.0,-540,52
27733.356,27803.68539215687,30190.6645,10.0,-660,51
27790.106000000003,27668.555446808514,30188.2465,10.0,30,47
27812.869,27763.917079999996,30144.635799999996,10.0,0,50
27815.555999999997,27747.779854545453,30205.413,10.0,-360,55
27818.055999999997,27852.12593877551,30301.691799999997,10.0,-630,49
27846.482,27667.322711111105,30220.5688,10.0,390,45
27846.781999999996,27648.342111111113,30182.816200000005,10.0,360,45
27852.782000000003,27724.221465116287,30212.186500000003,10.0,420,43
27862.406,27749.509854545453,30200.385899999997,10.0,-330,55
27870.305999999997,27759.16803636364,30207.772999999997,10.0,-390,55
27883.706,27759.698036363636,30232.837999999996,10.0,-420,55
27893.656,27766.701672727268,30259.6459,10.0,-450,55
27900.256,27795.59690196078,30226.031499999997,10.0,-570,51
27921.806,27872.385791666664,30286.645999999997,10.0,-720,48
27937.006,27808.033750000002,30144.788400000005,10.0,60,48
27937.508500000004,27798.76615384616,30220.835900000002,10.0,-30,52
27943.606,27753.59894545455,30166.190899999994,10.0,-300,55
27949.894,27715.46380434783,30200.066749999998,10.0,300,46
27958.856000000003,27757.082581818184,30227.630900000004,10.0,-480,55
27967.382,27772.11674468085,30285.7332,10.0,240,47
27969.055999999997,27761.460361702124,30236.986499999995,10.0,270,47
27984.956,27773.06520833333,30195.803400000004,10.0,90,48
27989.455999999995,27789.558,30123.88855,10.0,-270,54
27990.156000000003,27752.693490909085,30085.187,10.0,-180,55
27990.470500000003,27787.902555555556,30262.978549999996,10.0,-510,54
27990.555999999997,27772.300763636365,30093.626999999997,10.0,-210,55
27997.6585,27792.383461538462,30109.2699,10.0,-60,52
28001.755999999998,27818.512173076924,30114.6165,10.0,-240,52
28004.8085,27800.576891304347,30228.866749999997,10.0,210,46
28022.78,27771.334439024387,30363.683000000005,10.0,600,41
28022.880000000005,27786.750926829274,30166.483,10.0,630,41
28024.08,27774.96127906976,30116.687100000003,10.0,660,43
28026.870499999997,27795.06423076923,30097.0896,10.0,-90,52
28028.806,27924.579313725495,30242.0565,10.0,-600,51
28035.635000000002,27837.154711111107,30231.317000000003,10.0,180,45
28046.119,27775.606538461536,30090.227099999996,10.0,-120,52
28052.435,27834.9285106383,30224.943199999998,10.0,120,47
28055.7705,27768.92769230769,30050.715149999996,10.0,-150,52
28078.4825,27869.57423913043,30258.714,10.0,150,46
28088.206000000002,27823.301071428567,30318.1295,10.0,570,42
28101.8705,27899.386395833328,30300.402350000004,10.0,-690,48
28123.806,27875.28604878049,30115.911999999997,10.0,690,41
28148.906000000003,27877.433073170734,30162.833000000006,10.0,720,41
303175.66650000005,304208.84421428567,331929.03395,100.0,540,42
303563.90599999996,303670.30799999996,330875.9132,100.0,480,39
303617.41650000005,304120.9297,332623.27585,100.0,450,40
304326.07950000005,303376.3278863636,331441.06215,100.0,330,44
304642.0865,305254.88432692306,332214.98884999997,100.0,-540,52
304760.906,304654.9706585366,332333.483,100.0,510,41
305319.906,305799.3824509804,332437.66449999996,100.0,-660,51
305887.406,304246.8756595744,331566.6565,100.0,30,47
305969.569,305302.74007999996,331204.2433,100.0,0,50
306141.906,305218.2462181818,332113.48589999997,100.0,-360,55
306160.232,304257.03271111107,331839.27880000003,100.0,390,45
306163.232,304049.2021111111,331505.06620000006,100.0,360,45
306166.906,306335.0024693877,333093.1918,100.0,-630,49
306223.232,304885.4063488372,331744.9015,100.0,420,43
306610.406,305235.5462181818,332033.8359,100.0,-330,55
306689.406,305332.12803636363,332210.28589999996,100.0,-390,55
306823.406,305337.4280363636,332470.3859,100.0,-420,55
306922.906,305407.4644,332626.4359,100.0,-450,55
306988.906,305719.84984313726,332321.15650000004,100.0,-570,51
307204.406,306546.66079166665,333166.014,100.0,-720,48
307330.5835,305702.05557692307,332012.9084,100.0,-30,52
307339.819,304785.4333695652,331680.49175,100.0,300,46
307356.406,305784.1525,331117.5459,100.0,60,48
307369.232,305399.81780851056,332581.9182,100.0,240,47
307422.406,305276.4371272727,331691.8859,100.0,-300,55
307574.906,305311.2734909091,332306.2859,100.0,-480,55
307676.906,305293.25397872337,332054.0565,100.0,270,47
307835.906,305408.43083333335,331627.6959,100.0,90,48
307880.90599999996,305663.07466666657,331276.57855,100.0,-270,54
307887.9060000001,305267.38258181815,330953.207,100.0,-180,55
307891.906,305463.4553090909,331037.60699999996,100.0,-210,55
307932.0835,305638.2286538462,331029.71489999996,100.0,-60,52
308003.906,305968.6612115385,331255.359,100.0,-240,52
308005.6705,305650.14422222215,332667.47854999994,100.0,-510,54
308040.1705,305719.8431956521,331970.7515,100.0,210,46
308098.732,305589.3887317073,331283.983,100.0,630,41
308274.406,307129.53225490195,332481.4065,100.0,-600,51
308357.232,305409.79907317075,333255.983,100.0,600,41
308369.6705,305665.0363461539,330897.54209999996,100.0,-90,52
308387.156,305470.4594230769,330828.91709999996,100.0,-120,52
308447.232,305455.8229069767,330863.61209999997,100.0,660,43
308571.935,306112.85471111105,331997.03479999996,100.0,180,45
308658.6705,305403.67096153845,330546.90015,100.0,-150,52
308739.935,306088.43595744675,331974.0182,100.0,120,47
308872.00600000005,305971.1082142857,332806.757,100.0,570,42
309034.85750000004,306462.07967391296,332300.62649999995,100.0,150,46
309119.6705,306846.32389583334,333543.889,100.0,-690,48
309224.406,306561.7348292683,330850.462,100.0,690,41
309475.4060000001,306581.82697560976,331247.483,100.0,720,41
