file,rows,min,max
2025-01-06.csv.gz,221230,2025-01-06 01:00:02.038000+00:00,2025-01-06 23:58:57.931000+00:00
2025-01-07.csv.gz,214320,2025-01-07 01:00:02.031000+00:00,2025-01-07 23:58:58.787000+00:00
2025-01-08.csv.gz,206871,2025-01-08 01:00:02.022000+00:00,2025-01-08 23:58:58.414000+00:00
2025-01-09.csv.gz,168593,2025-01-09 01:00:02.034000+00:00,2025-01-09 23:58:59.204000+00:00
2025-01-10.csv.gz,244710,2025-01-10 01:00:02.024000+00:00,2025-01-10 23:56:56.803000+00:00
2025-01-13.csv.gz,243963,2025-01-13 01:00:02.033000+00:00,2025-01-13 23:58:59.006000+00:00
2025-01-14.csv.gz,224186,2025-01-14 01:00:02.036000+00:00,2025-01-14 23:58:59.046000+00:00
2025-01-15.csv.gz,211251,2025-01-15 01:00:02.035000+00:00,2025-01-15 23:58:59.014000+00:00
2025-01-16.csv.gz,249407,2025-01-16 01:00:02.029000+00:00,2025-01-16 23:58:59.433000+00:00
2025-01-27.csv.gz,181235,2025-01-27 01:00:02.029000+00:00,2025-01-27 23:58:47.207000+00:00
2025-01-28.csv.gz,133374,2025-01-28 01:00:02.030000+00:00,2025-01-28 23:58:52.408000+00:00
2025-01-29.csv.gz,156824,2025-01-29 01:00:02.039000+00:00,2025-01-29 23:58:57.639000+00:00
2025-02-03.csv.gz,204950,2025-02-03 01:00:02.029000+00:00,2025-02-03 23:58:59.607000+00:00
2025-02-04.csv.gz,176626,2025-02-04 01:00:02.029000+00:00,2025-02-04 23:58:58.611000+00:00
2025-02-05.csv.gz,160177,2025-02-05 01:00:02.019000+00:00,2025-02-05 23:58:59.611000+00:00
2025-02-06.csv.gz,152206,2025-02-06 01:00:02.024000+00:00,2025-02-06 23:58:58.607000+00:00
2025-02-07.csv.gz,154299,2025-02-07 01:00:02.033000+00:00,2025-02-07 23:56:59.416000+00:00
2025-02-10.csv.gz,160652,2025-02-10 01:00:02.028000+00:00,2025-02-10 23:58:47.410000+00:00
2025-02-11.csv.gz,195653,2025-02-11 01:00:02.030000+00:00,2025-02-11 23:58:53.208000+00:00
2025-02-12.csv.gz,169157,2025-02-12 01:00:02.024000+00:00,2025-02-12 23:58:58.410000+00:00
2025-02-13.csv.gz,141086,2025-02-13 01:00:02.032000+00:00,2025-02-13 23:58:57.810000+00:00
2025-02-14.csv.gz,163692,2025-02-14 01:00:02.025000+00:00,2025-02-14 23:56:57.208000+00:00
2025-02-17.csv.gz,118479,2025-02-17 01:00:02.027000+00:00,2025-02-17 21:29:59.807000+00:00
2025-02-18.csv.gz,127781,2025-02-18 01:00:02.031000+00:00,2025-02-18 23:58:58.803000+00:00
2025-02-19.csv.gz,146625,2025-02-19 01:00:02.023000+00:00,2025-02-19 23:58:59.809000+00:00
2025-02-20.csv.gz,142653,2025-02-20 01:00:02.021000+00:00,2025-02-20 23:58:53.009000+00:00
2025-02-21.csv.gz,142626,2025-02-21 01:00:02.024000+00:00,2025-02-21 23:56:58.803000+00:00
2025-02-24.csv.gz,154722,2025-02-24 01:00:02.033000+00:00,2025-02-24 23:58:50.208000+00:00
2025-02-25.csv.gz,173525,2025-02-25 01:00:02.029000+00:00,2025-02-25 23:58:59.007000+00:00
2025-02-26.csv.gz,137229,2025-02-26 01:00:02.027000+00:00,2025-02-26 23:58:57.413000+00:00
2025-02-27.csv.gz,165407,2025-02-27 01:00:02.024000+00:00,2025-02-27 23:58:58.033000+00:00
2025-03-03.csv.gz,151436,2025-03-03 01:00:02.032000+00:00,2025-03-03 23:58:50.412000+00:00
2025-03-04.csv.gz,154754,2025-03-04 01:00:02.663000+00:00,2025-03-04 23:58:56.007000+00:00
2025-03-05.csv.gz,172905,2025-03-05 01:00:02.028000+00:00,2025-03-05 23:58:58.207000+00:00
2025-03-06.csv.gz,173424,2025-03-06 01:00:02.020000+00:00,2025-03-06 23:58:58.611000+00:00
2025-03-07.csv.gz,174167,2025-03-07 01:00:02.025000+00:00,2025-03-07 23:56:58.205000+00:00
2025-03-10.csv.gz,160782,2025-03-10 01:00:02.043000+00:00,2025-03-10 23:58:56.008000+00:00
2025-03-11.csv.gz,133886,2025-03-11 01:00:02.028000+00:00,2025-03-11 23:58:58.208000+00:00
2025-03-12.csv.gz,135166,2025-03-12 01:00:02.027000+00:00,2025-03-12 23:58:58.013000+00:00
2025-03-13.csv.gz,139418,2025-03-13 01:00:02.033000+00:00,2025-03-13 23:58:59.809000+00:00
2025-03-14.csv.gz,139733,2025-03-14 01:00:02.022000+00:00,2025-03-14 23:56:50.807000+00:00
2025-03-18.csv.gz,127047,2025-03-18 01:00:02.040000+00:00,2025-03-18 23:58:59.610000+00:00
2025-03-19.csv.gz,120958,2025-03-19 01:00:02.026000+00:00,2025-03-19 23:58:46.611000+00:00
2025-03-20.csv.gz,127125,2025-03-20 01:00:02.024000+00:00,2025-03-20 23:58:55.208000+00:00
2025-03-21.csv.gz,119443,2025-03-21 01:00:02.029000+00:00,2025-03-21 23:56:57.403000+00:00
2025-03-24.csv.gz,126381,2025-03-24 01:00:02.032000+00:00,2025-03-24 23:58:59.407000+00:00
2025-03-25.csv.gz,107217,2025-03-25 01:00:02.024000+00:00,2025-03-25 23:58:58.808000+00:00
2025-03-26.csv.gz,147851,2025-03-26 01:00:02.030000+00:00,2025-03-26 23:58:57.403000+00:00
2025-03-27.csv.gz,267237,2025-03-27 01:00:00.137000+00:00,2025-03-27 23:58:58.933000+00:00
2025-03-28.csv.gz,210386,2025-03-28 01:00:00.300000+00:00,2025-03-28 23:56:53.602000+00:00
2025-03-29.csv.gz,18517,2025-03-28 20:16:25.209000+00:00,2025-03-28 23:56:53.602000+00:00
2025-03-31.csv.gz,159495,2025-03-31 01:00:02.026000+00:00,2025-03-31 23:58:56.404000+00:00
2025-04-01.csv.gz,163567,2025-03-31 20:16:25.212000+00:00,2025-04-01 20:16:24.200000+00:00
2025-04-02.csv.gz,130968,2025-04-01 20:16:25.203000+00:00,2025-04-02 20:16:24.601000+00:00
2025-04-03.csv.gz,228335,2025-04-02 20:16:26.605000+00:00,2025-04-03 20:16:24.806000+00:00
2025-04-04.csv.gz,200199,2025-04-03 20:16:25.411000+00:00,2025-04-04 20:16:24.809000+00:00
2025-04-05.csv.gz,30686,2025-04-04 20:16:25.407000+00:00,2025-04-04 23:56:55.205000+00:00
2025-04-07.csv.gz,223227,2025-04-07 01:00:10.429000+00:00,2025-04-07 20:16:24.806000+00:00
2025-04-08.csv.gz,198931,2025-04-07 20:16:25.016000+00:00,2025-04-08 20:16:24.810000+00:00
2025-04-09.csv.gz,231292,2025-04-08 20:16:25.016000+00:00,2025-04-09 20:16:24.810000+00:00
2025-04-10.csv.gz,230588,2025-04-09 20:16:25.002000+00:00,2025-04-10 20:16:24.803000+00:00
2025-04-18.csv.gz,17591,2025-04-17 20:16:25.603000+00:00,2025-04-17 23:58:59.823000+00:00
2025-04-21.csv.gz,159980,2025-04-21 01:00:02.021000+00:00,2025-04-21 20:16:24.602000+00:00
2025-04-22.csv.gz,230870,2025-04-21 20:16:25.008000+00:00,2025-04-22 20:16:24.804000+00:00
2025-04-23.csv.gz,243203,2025-04-22 20:16:25.011000+00:00,2025-04-23 20:16:24.607000+00:00
2025-04-24.csv.gz,193582,2025-04-23 20:16:25.010000+00:00,2025-04-24 20:16:24.405000+00:00
2025-04-25.csv.gz,194923,2025-04-24 20:16:25.203000+00:00,2025-04-25 20:16:24.408000+00:00
2025-04-26.csv.gz,18600,2025-04-25 20:16:25.405000+00:00,2025-04-25 23:56:59.203000+00:00
2025-04-28.csv.gz,157678,2025-04-28 01:00:02.053000+00:00,2025-04-28 20:16:24.206000+00:00
2025-04-29.csv.gz,162232,2025-04-28 20:16:25.206000+00:00,2025-04-29 20:16:24.809000+00:00
2025-04-30.csv.gz,166853,2025-04-29 20:16:25.603000+00:00,2025-04-30 20:16:24.809000+00:00
2025-05-01.csv.gz,171022,2025-04-30 20:16:25.002000+00:00,2025-05-01 20:16:23.807000+00:00
2025-05-02.csv.gz,166609,2025-05-01 20:16:26.001000+00:00,2025-05-02 20:16:24.808000+00:00
2025-05-03.csv.gz,20240,2025-05-02 20:16:25.406000+00:00,2025-05-02 23:56:58.606000+00:00
2025-05-05.csv.gz,149866,2025-05-05 01:00:02.028000+00:00,2025-05-05 20:16:24.805000+00:00
2025-05-06.csv.gz,196491,2025-05-05 20:16:25.008000+00:00,2025-05-06 20:16:24.409000+00:00
2025-05-07.csv.gz,193638,2025-05-06 20:16:25.206000+00:00,2025-05-07 20:16:24.404000+00:00
2025-05-08.csv.gz,206807,2025-05-07 20:16:26.035000+00:00,2025-05-08 20:16:23.207000+00:00
2025-05-09.csv.gz,189484,2025-05-08 20:16:26.809000+00:00,2025-05-09 20:16:24.804000+00:00
2025-05-10.csv.gz,19124,2025-05-09 20:16:25.007000+00:00,2025-05-09 23:56:59.206000+00:00
2025-05-12.csv.gz,195967,2025-05-12 01:00:02.027000+00:00,2025-05-12 20:16:24.431000+00:00
2025-05-13.csv.gz,175471,2025-05-12 20:16:25.203000+00:00,2025-05-13 20:16:24.809000+00:00
2025-05-14.csv.gz,188554,2025-05-13 20:16:25.809000+00:00,2025-05-14 20:16:24.418000+00:00
2025-05-15.csv.gz,198521,2025-05-14 20:16:25.215000+00:00,2025-05-15 20:16:24.810000+00:00
2025-05-16.csv.gz,191385,2025-05-15 20:16:25.213000+00:00,2025-05-16 20:16:23.605000+00:00
2025-05-17.csv.gz,17340,2025-05-16 20:16:25.209000+00:00,2025-05-16 23:56:59.810000+00:00
2025-05-19.csv.gz,148149,2025-05-19 01:00:02.028000+00:00,2025-05-19 20:16:24.210000+00:00
2025-05-20.csv.gz,162739,2025-05-19 20:16:25.016000+00:00,2025-05-20 20:16:24.811000+00:00
2025-05-21.csv.gz,177277,2025-05-20 20:16:26.012000+00:00,2025-05-21 20:16:24.829000+00:00
2025-05-22.csv.gz,200424,2025-05-21 20:16:25.008000+00:00,2025-05-22 20:16:24.406000+00:00
2025-05-23.csv.gz,185229,2025-05-22 20:16:25.213000+00:00,2025-05-23 20:16:24.202000+00:00
2025-05-24.csv.gz,21736,2025-05-23 20:16:26.043000+00:00,2025-05-23 23:56:59.811000+00:00
2025-05-26.csv.gz,106031,2025-05-26 01:00:02.023000+00:00,2025-05-26 20:16:23.203000+00:00
2025-05-27.csv.gz,159045,2025-05-26 20:16:25.207000+00:00,2025-05-27 20:16:24.611000+00:00
2025-05-28.csv.gz,157214,2025-05-27 20:16:26.602000+00:00,2025-05-28 20:16:24.407000+00:00
2025-05-29.csv.gz,188824,2025-05-28 20:16:25.208000+00:00,2025-05-29 20:16:24.406000+00:00
2025-05-30.csv.gz,165965,2025-05-29 20:16:25.210000+00:00,2025-05-30 20:16:24.810000+00:00
2025-05-31.csv.gz,14807,2025-05-30 20:16:25.208000+00:00,2025-05-30 23:56:56.204000+00:00
