id,dateStart,dateEnd,side,entryPrice,initialSL,avgClosePrice,baseline_r,rPnL,matched,mfe_r,mae_r,tick_count,exit_move_error_r,hit_0.5r,return_0.5r,hit_1r,return_1r,hit_1.5r,return_1.5r,hit_2r,return_2r,hit_3r,return_3r,hit_5r,return_5r,high_confidence
243758247,2025-01-06 07:37:55,2025-01-06 13:40:50,buy,2626.317,2621.568,2626.47085,0.03,3.24,True,4.628342809012626,-2.6763529164035758,81950,0.5167087807960487,True,True,True,True,True,True,True,True,True,True,False,False,False
243758465,2025-01-06 14:17:10,2025-01-08 14:36:50,buy,2615.637,2608.903,2665.75417,7.44,744.24,True,5.4870804870802194,-0.19602019602014178,415175,2.169166914166758,True,False,True,False,True,False,True,False,True,False,True,False,False
243767230,2025-01-10 13:33:05,2025-01-10 14:00:30,buy,2665.177,2661.43,2684.09794,5.05,505.0,True,0.7872965038696512,-2.1697357886307613,11020,6.5361462503331165,True,True,False,False,False,False,False,False,False,False,False,False,False
243770168,2025-01-13 12:18:55,2025-01-13 12:32:05,buy,2670.995,2665.415,2665.41519,-1.0,-88.44,True,0.3297491039426012,-0.3691756272401384,4571,0.9515788530465613,False,False,False,False,False,False,False,False,False,False,False,False,False
243771563,2025-01-14 14:12:25,2025-01-14 21:20:40,buy,2660.117,2657.468,2677.31912,6.49,649.38,True,2.8237070592672904,-1.5326538316343605,61893,3.9834352585875688,True,True,True,True,True,False,True,False,False,False,False,False,False
243787465,2025-01-27 02:22:00,2025-01-27 07:28:15,buy,2754.81,2750.126,2750.12616,-1.0,-100.0,True,0.5017079419299826,-2.7775405636210366,37985,0.122510674637073,True,True,False,False,False,False,False,False,False,False,False,False,True
244023425,2025-02-03 13:02:15,2025-02-03 14:43:45,sell,2811.569,2818.744,2818.74404,-1.0,-100.02,True,0.04599303135887371,-2.8083623693379205,23994,0.301736585365855,False,False,False,False,False,False,False,False,False,False,False,False,True
244025290,2025-02-06 14:58:15,2025-02-06 15:00:35,buy,2845.357,2839.212,2839.21195,-1.0,-99.98,True,0.016273393002426258,-0.14971521562246956,320,0.9007404393816065,False,False,False,False,False,False,False,False,False,False,False,False,False
244029009,2025-02-12 10:43:35,2025-02-12 13:19:35,buy,2880.082,2874.396,2874.39581,-1.0,-100.02,True,1.7200140696447892,-3.6123812873727617,27428,2.640905733380343,True,False,True,False,True,False,False,False,False,False,False,False,False
244030256,2025-02-14 15:28:25,2025-02-14 16:30:10,buy,2898.502,2892.203,2892.20288,-1.0,-100.03,True,0.46039053818067965,-0.9715827909191795,11514,0.7094967455151958,False,False,False,False,False,False,False,False,False,False,False,False,False
244031328,2025-02-18 01:33:50,2025-02-18 16:52:00,buy,2894.35,2891.803,2933.57211,15.4,1539.86,True,13.875147232037431,-0.12171181782486938,98196,2.737381232822963,True,False,True,False,True,False,True,False,True,False,True,False,False
244034274,2025-02-19 20:31:25,2025-02-20 00:07:10,sell,2935.131,2938.429,2938.42915,-1.0,-100.0,True,0.43662825955122936,-2.413583990296993,5729,0.816206791995002,False,False,False,False,False,False,False,False,False,False,False,False,False
244034757,2025-02-20 03:12:50,2025-02-20 06:07:15,sell,2943.175,2947.036,2947.036,-1.0,-100.0,True,0.274540274540387,-2.2144522144522147,11153,0.9813519813519506,False,False,False,False,False,False,False,False,False,False,False,False,False
244035099,2025-02-25 16:07:35,2025-02-25 16:08:40,buy,2898.246,2893.841,2893.84115,-1.0,-99.99,True,0.0,-0.24744608399548151,153,0.7570601589103374,False,False,False,False,False,False,False,False,False,False,False,False,False
244442752,2025-03-04 20:20:00,2025-03-05 06:16:30,sell,2919.99,2924.532,2920.04495,-0.01,-1.21,True,2.8071334214000347,-1.5257595772786712,44289,0.5537318361954576,True,True,True,True,True,True,True,True,False,False,False,False,False
244446902,2025-03-11 08:13:35,2025-03-11 08:28:35,sell,2903.777,2907.132,2907.13191,-1.0,-100.01,True,0.011922503725771506,-0.8733233979135083,1397,0.1594366616989125,False,False,False,False,False,False,False,False,False,False,False,False,True
244449024,2025-03-11 10:00:10,2025-03-11 13:35:40,sell,2911.336,2916.338,2916.338,-1.0,-50.02,True,0.9696121551378477,-0.9696121551378477,22850,0.14034386245505165,True,True,False,False,False,False,False,False,False,False,False,False,True
244449135,2025-03-12 09:00:50,2025-03-12 15:00:30,sell,2923.34,2928.841,2923.11393,0.04,4.11,True,3.1048900199964926,-0.37811307035084935,50627,0.08433557534992044,True,False,True,False,True,False,True,False,True,False,False,False,True
244511272,2025-03-13 13:00:00,2025-03-13 13:42:10,buy,2939.53,2937.096,2951.92094,5.09,509.02,True,3.804437140509232,-1.3640098603122004,7421,1.4424568611336814,True,True,True,True,True,False,True,False,True,False,False,False,False
244514561,2025-03-20 08:27:10,2025-03-20 10:03:50,buy,3039.073,3036.888,3039.31595,0.11,11.12,True,3.318077803203744,-0.1876430205951119,10201,0.056270022883480084,True,True,True,True,True,True,True,False,True,False,False,False,True
244515210,2025-03-23 22:16:20,2025-03-24 01:35:05,sell,3024.78,3028.984,3024.66398,0.03,2.76,True,1.8149381541390606,-0.36156041864892524,12725,0.06754995242619408,True,True,True,False,True,False,False,False,False,False,False,False,True
244516409,2025-03-24 10:29:45,2025-03-25 14:03:35,sell,3032.93,3037.134,3032.88418,0.01,1.09,True,7.224072312083398,-0.13796384395811195,138861,0.07036631779253304,True,True,True,True,True,True,True,True,True,True,True,True,True
244517083,2025-03-27 10:02:40,2025-03-27 10:08:35,sell,3043.233,3046.348,3046.34795,-1.0,-99.99,True,0.4462279293741332,-0.9341894060995372,1562,0.3386677367575631,False,False,False,False,False,False,False,False,False,False,False,False,True
245245457,2025-04-02 01:32:45,2025-04-02 20:28:15,sell,3135.065,3139.129,3135.11295,-0.01,-1.18,True,7.157972440945069,-0.319881889763836,121688,0.6983144685039852,True,True,True,True,True,False,True,False,True,False,True,False,False
245245805,2025-04-02 20:29:20,2025-04-02 22:06:20,sell,3142.72,3148.061,3142.39575,0.06,6.07,True,4.345628159520412,-0.700243400112337,7756,1.2049709792173147,True,True,True,True,True,True,True,True,True,False,False,False,False
245254201,2025-04-03 15:16:00,2025-04-03 15:28:45,buy,3109.594,3104.341,3104.34085,-1.0,-100.02,True,0.493051589567879,-0.9670664382257331,3085,0.03296211688560303,False,False,False,False,False,False,False,False,False,False,False,False,True
245255428,2025-04-04 00:29:25,2025-04-04 02:30:00,buy,3109.594,3104.341,3104.34085,-1.0,-100.02,True,1.007043594136647,-1.1345897582333635,10811,0.03557015039026155,True,True,True,True,False,False,False,False,False,False,False,False,True
245255577,2025-04-04 12:40:35,2025-04-04 12:41:35,buy,3077.268,3071.95,3071.94991,-1.0,-99.98,True,0.10530274539299045,-0.9044753666791565,305,0.09554155697635305,False,False,False,False,False,False,False,False,False,False,False,False,True
245258346,2025-04-06 22:05:40,2025-04-06 22:05:45,buy,3023.901,3018.75,3018.75005,-1.0,-99.98,True,0.01164822364588377,-0.646476412347123,19,0.9669869928168939,False,False,False,False,False,False,False,False,False,False,False,False,False
245259816,2025-04-07 01:17:30,2025-04-07 01:24:50,sell,3012.995,3020.41,3020.41012,-1.0,-100.03,True,0.9763991908294365,-1.1382333108563851,2095,0.13551989211052023,True,True,False,False,False,False,False,False,False,False,False,False,True
245262214,2025-04-08 11:56:45,2025-04-08 13:13:15,sell,3018.248,3024.859,3017.92811,0.05,4.84,True,2.37029193767968,-0.2178187868703799,16111,0.11497655422776092,True,True,True,False,True,False,True,False,False,False,False,False,True
245277430,2025-04-20 22:18:55,2025-04-20 23:04:35,sell,3348.667,3353.872,3348.64878,0.0,0.35,True,0.7704130643612439,-1.5446685878962683,3882,0.5760268972142149,True,True,False,False,False,False,False,False,False,False,False,False,False
245282725,2025-04-22 08:37:30,2025-04-22 08:54:00,buy,3453.151,3448.589,3448.58903,-1.0,-168.2,True,0.9535291538798786,-1.2275317843052365,3868,0.21219421306454958,True,True,False,False,False,False,False,False,False,False,False,False,True
245286033,2025-04-25 05:54:10,2025-04-25 05:54:45,buy,3295.332,3291.895,3291.89489,-1.0,-100.02,True,0.0,-1.2976432935700228,201,0.28015420424796966,False,False,False,False,False,False,False,False,False,False,False,False,True
245286811,2025-04-25 11:43:05,2025-04-25 13:00:00,buy,3291.017,3286.751,3291.1228,0.02,2.48,True,2.789498359118881,-0.7899671823722901,12038,0.3291608063760128,True,True,True,True,True,True,True,True,False,False,False,False,True
245287699,2025-04-28 02:02:45,2025-04-28 02:10:20,buy,3273.925,3268.893,3268.89279,-1.0,-99.99,True,0.8903020667726316,-1.0552464228934388,1618,0.0044137519873888136,True,True,False,False,False,False,False,False,False,False,False,False,True
245288125,2025-04-30 09:18:30,2025-04-30 10:03:30,buy,3279.444,3273.284,3273.2838,-1.0,-99.98,True,1.168831168831167,-0.8327922077922452,5725,0.17211038961037667,True,True,True,True,False,False,False,False,False,False,False,False,True
246968118,2025-05-02 13:05:40,2025-05-02 15:49:20,buy,3243.612,3232.87,3232.86979,-1.0,-100.01,True,1.9502885868552828,-0.9998138149320469,36144,0.022547942654988093,True,True,True,True,True,True,False,False,False,False,False,False,True
246972368,2025-05-07 06:10:55,2025-05-08 01:51:50,sell,3395.16,3401.374,3401.3738,-1.0,-99.98,True,4.814934019954998,-0.9719987125844899,149480,0.027969102027684264,True,True,True,True,True,True,True,True,True,True,False,False,True
246974898,2025-05-09 15:13:40,2025-05-12 07:00:50,sell,3342.847,3348.772,3258.73622,14.2,1419.79,True,14.048945147680012,-0.9046413502110336,111095,0.43051139240516517,True,True,True,True,True,False,True,False,True,False,True,False,True
246975391,2025-05-12 07:27:55,2025-05-12 09:56:00,buy,3219.684,3213.418,3213.41771,-1.0,-100.01,True,2.655601659750985,-1.0373443983402364,30128,0.00537982764126319,True,True,True,True,True,True,True,True,False,False,False,False,True
246976310,2025-05-13 12:20:20,2025-05-13 13:40:40,buy,3238.275,3232.255,3232.25513,-1.0,-99.99,True,1.697674418604623,-0.9717607973421806,16978,0.02821760797345085,True,True,True,True,True,True,False,False,False,False,False,False,True
246976781,2025-05-14 01:01:40,2025-05-14 02:37:50,buy,3238.887,3230.573,3230.57279,-1.0,-100.02,True,1.4457541496270796,-0.9923021409670071,14940,0.030576136637003606,True,True,True,True,False,False,False,False,False,False,False,False,True
246979881,2025-05-16 10:51:10,2025-05-16 10:51:55,buy,3183.214,3178.134,3178.13376,-1.0,-100.03,True,0.07480314960632177,-0.9488188976378411,217,0.0591023622047313,False,False,False,False,False,False,False,False,False,False,False,False,True
246980989,2025-05-19 03:49:05,2025-05-20 19:43:50,buy,3210.297,3203.867,3291.81726,12.68,1267.64,True,12.580093312597501,-0.9611197511664065,284252,0.09801866251942823,True,True,True,True,True,True,True,True,True,True,True,True,True
246983982,2025-05-22 14:01:15,2025-05-23 11:49:40,buy,3280.039,3274.079,3347.09025,11.25,1125.12,True,10.602348993288535,-0.19127516778528866,152223,0.6478607382550174,True,False,True,False,True,False,True,False,True,False,True,False,False
246985229,2025-05-26 00:28:50,2025-05-26 09:26:40,buy,3331.52,3324.742,3324.74169,-1.0,-99.98,True,3.6043080554736773,-1.0430805547359663,54842,0.017953673650036566,True,True,True,True,True,True,True,True,True,True,False,False,True
246985439,2025-05-27 05:46:10,2025-05-27 06:45:55,buy,3319.998,3313.22,3313.21969,-1.0,-99.98,True,0.7406314547063734,-1.3986426674534778,10679,0.3720404249040931,True,True,False,False,False,False,False,False,False,False,False,False,True
246986555,2025-05-27 07:01:45,2025-05-27 07:51:20,buy,3305.037,3298.867,3298.86673,-1.0,-100.02,True,1.170178282009838,-0.9384116693679614,8603,0.08594327390596088,True,True,True,True,False,False,False,False,False,False,False,False,True
246986566,2025-05-27 07:51:20,2025-05-27 10:16:55,buy,3299.038,3292.526,3292.52628,-1.0,-100.02,True,1.6615479115478233,-1.0872235872235474,23443,0.09700859950857535,True,True,True,True,True,True,False,False,False,False,False,False,True
246987397,2025-05-28 01:05:10,2025-05-28 01:43:30,buy,3307.255,3301.154,3301.15372,-1.0,-100.0,True,0.2278315030322647,-1.106376003933761,4897,0.10633010981800896,False,False,False,False,False,False,False,False,False,False,False,False,True
246987398,2025-05-28 01:08:35,2025-05-28 01:43:00,buy,3305.609,3302.598,3302.59786,-1.0,-100.0,True,1.066090999667908,-1.1358352706742312,4278,0.08929259382269494,True,True,True,True,False,False,False,False,False,False,False,False,True
246988223,2025-05-28 10:48:10,2025-05-28 12:12:15,buy,3313.274,3307.227,3307.22684,-1.0,-100.02,True,0.3142053911029648,-0.964114436910924,10494,0.05906399867703327,False,False,False,False,False,False,False,False,False,False,False,False,True
246988352,2025-05-28 13:43:25,2025-05-28 16:37:45,buy,3297.437,3291.336,3291.33572,-1.0,-100.0,True,1.7554499262415733,-1.0014751680051728,28841,0.0014292738894954643,True,True,True,True,True,True,False,False,False,False,False,False,True
246988724,2025-05-29 07:56:15,2025-05-29 10:16:15,sell,3285.4,3291.546,3291.54628,-1.0,-100.0,True,1.3846404165310993,-0.9469573706476437,15768,0.05308818743894955,True,True,True,True,False,False,False,False,False,False,False,False,True
