id,dateStart,dateEnd,pair,uPnL,rPnL,side,entryPrice,initalSL,maxTP,idealTP,amount,amountClosed,status,day,tags,avgClosePrice,avgRiskReward,maxRiskReward,exchangeRate,initialBalance,currentRealizedBalance
243758247,2025/01/06 07:37:55,2025/01/06 13:40:50,OANDA:XAUUSD,0,3.24,buy,2626.317,2621.568,2626.471,2649.52,21.06,21.06,closed,1,,2626.47085,0.03,0.03,1,10000,10003.24
243758465,2025/01/06 14:17:10,2025/01/08 14:36:50,OANDA:XAUUSD,0,744.24,buy,2615.637,2608.903,2665.754,2697.95,14.85,14.85,closed,1,,2665.75417,7.44,7.44,1,10000,10747.48
243767230,2025/01/10 13:33:05,2025/01/10 14:00:30,OANDA:XAUUSD,0,505,buy,2665.177,2661.43,2684.098,2697.95,26.69,26.69,closed,5,,2684.09794,5.05,5.05,1,10000,11252.48
243770168,2025/01/13 12:18:55,2025/01/13 12:32:05,OANDA:XAUUSD,0,-88.44,buy,2670.995,2665.415,,2672.935,15.85,15.85,closed,1,,2665.41519,-1,0,1,10000,11164.04
243771563,2025/01/14 14:12:25,2025/01/14 21:20:40,OANDA:XAUUSD,0,649.38,buy,2660.117,2657.468,2677.319,2746.055,37.75,37.75,closed,2,,2677.31912,6.49,6.49,1,10000,11813.42
243787465,2025/01/27 02:22:00,2025/01/27 07:28:15,OANDA:XAUUSD,0,-100,buy,2754.81,2750.126,,2762.8,21.35,21.35,closed,1,,2750.12616,-1,0,1,10000,11713.42
244023425,2025/02/03 13:02:15,2025/02/03 14:43:45,OANDA:XAUUSD,0,-100.02,sell,2811.569,2818.744,,2806.78,13.94,13.94,closed,1,,2818.74404,-1,0,1,10000,9899.98
244025290,2025/02/06 14:58:15,2025/02/06 15:00:35,OANDA:XAUUSD,0,-99.98,buy,2845.357,2839.212,,2844.055,16.27,16.27,closed,4,,2839.21195,-1,0,1,10000,9800
244029009,2025/02/12 10:43:35,2025/02/12 13:19:35,OANDA:XAUUSD,0,-100.02,buy,2880.082,2874.396,,2886.095,17.59,17.59,closed,3,,2874.39581,-1,0,1,10000,9699.98
244030256,2025/02/14 15:28:25,2025/02/14 16:30:10,OANDA:XAUUSD,0,-100.03,buy,2898.502,2892.203,,2907.095,15.88,15.88,closed,5,,2892.20288,-1,0,1,10000,9599.95
244031328,2025/02/18 01:33:50,2025/02/18 16:52:00,OANDA:XAUUSD,0,1539.86,buy,2894.35,2891.803,2933.572,2956.31,39.26,39.26,closed,2,,2933.57211,15.4,15.4,1,10000,11139.81
244034274,2025/02/19 20:31:25,2025/02/20 00:07:10,OANDA:XAUUSD,0,-100,sell,2935.131,2938.429,,2932.475,30.32,30.32,closed,3,,2938.42915,-1,0,1,10000,11039.81
244034757,2025/02/20 03:12:50,2025/02/20 06:07:15,OANDA:XAUUSD,0,-100,sell,2943.175,2947.036,,2939.5,25.9,25.9,closed,4,,2947.036,-1,0,1,10000,10939.81
244035099,2025/02/25 16:07:35,2025/02/25 16:08:40,OANDA:XAUUSD,0,-99.99,buy,2898.246,2893.841,,2898.205,22.7,22.7,closed,2,,2893.84115,-1,0,1,10000,10839.82
244442752,2025/03/04 20:20:00,2025/03/05 06:16:30,OANDA:XAUUSD,0,-1.21,sell,2919.99,2924.532,,2894.35,22.02,22.02,closed,2,,2920.04495,-0.01,0,1,10000,9998.79
244446902,2025/03/11 08:13:35,2025/03/11 08:28:35,OANDA:XAUUSD,0,-100.01,sell,2903.777,2907.132,,2903.81,29.81,29.81,closed,2,,2907.13191,-1,0,1,10000,9898.78
244449024,2025/03/11 10:00:10,2025/03/11 13:35:40,OANDA:XAUUSD,0,-50.02,sell,2911.336,2916.338,,2906.89,10,10,closed,2,,2916.338,-1,0,1,10000,9848.76
244449135,2025/03/12 09:00:50,2025/03/12 15:00:30,OANDA:XAUUSD,0,4.11,sell,2923.34,2928.841,2923.114,2906.11,18.18,18.18,closed,3,,2923.11393,0.04,0.04,1,10000,9852.87
244511272,2025/03/13 13:00:00,2025/03/13 13:42:10,OANDA:XAUUSD,0,509.02,buy,2939.53,2937.096,2951.921,3057.59,41.08,41.08,closed,4,,2951.92094,5.09,5.09,1,10000,10361.89
244514561,2025/03/20 08:27:10,2025/03/20 10:03:50,OANDA:XAUUSD,0,11.12,buy,3039.073,3036.888,3039.316,3046.36,45.77,45.77,closed,4,,3039.31595,0.11,0.11,1,10000,10373.01
244515210,2025/03/23 22:16:20,2025/03/24 01:35:05,OANDA:XAUUSD,0,2.76,sell,3024.78,3028.984,3024.664,3013.755,23.79,23.79,closed,7,,3024.66398,0.03,0.03,1,10000,10375.77
244516409,2025/03/24 10:29:45,2025/03/25 14:03:35,OANDA:XAUUSD,0,1.09,sell,3032.93,3037.134,3032.884,3002.495,23.79,23.79,closed,1,,3032.88418,0.01,0.01,1,10000,10376.86
244517083,2025/03/27 10:02:40,2025/03/27 10:08:35,OANDA:XAUUSD,0,-99.99,sell,3043.233,3046.348,,3041.64,32.1,32.1,closed,4,,3046.34795,-1,0,1,10000,10276.87
245245457,2025/04/02 01:32:45,2025/04/02 20:28:15,OANDA:XAUUSD,0,-1.18,sell,3135.065,3139.129,,3104.79,24.61,24.61,closed,3,,3135.11295,-0.01,0,1,10000,9998.82
245245805,2025/04/02 20:29:20,2025/04/02 22:06:20,OANDA:XAUUSD,0,6.07,sell,3142.72,3148.061,3142.396,3113.525,18.72,18.72,closed,3,,3142.39575,0.06,0.06,1,10000,10004.89
245254201,2025/04/03 15:16:00,2025/04/03 15:28:45,OANDA:XAUUSD,0,-100.02,buy,3109.594,3104.341,,3112.52,19.04,19.04,closed,4,,3104.34085,-1,0,1,10000,9904.87
245255428,2025/04/04 00:29:25,2025/04/04 02:30:00,OANDA:XAUUSD,0,-100.02,buy,3109.594,3104.341,,3115.78,19.04,19.04,closed,5,,3104.34085,-1,0,1,10000,9804.85
245255577,2025/04/04 12:40:35,2025/04/04 12:41:35,OANDA:XAUUSD,0,-99.98,buy,3077.268,3071.95,,3077.02,18.8,18.8,closed,5,,3071.94991,-1,0,1,10000,9704.87
245258346,2025/04/06 22:05:40,2025/04/06 22:05:45,OANDA:XAUUSD,0,-99.98,buy,3023.901,3018.75,,3023.76,19.41,19.41,closed,7,,3018.75005,-1,0,1,10000,9604.89
245259816,2025/04/07 01:17:30,2025/04/07 01:24:50,OANDA:XAUUSD,0,-100.03,sell,3012.995,3020.41,,3004.735,13.49,13.49,closed,1,,3020.41012,-1,0,1,10000,9504.86
245262214,2025/04/08 11:56:45,2025/04/08 13:13:15,OANDA:XAUUSD,0,4.84,sell,3018.248,3024.859,3017.928,2969.97,15.13,15.13,closed,2,,3017.92811,0.05,0.05,1,10000,9509.7
245277430,2025/04/20 22:18:55,2025/04/20 23:04:35,OANDA:XAUUSD,0,0.35,sell,3348.667,3353.872,3348.649,3340.835,19.21,19.21,closed,7,,3348.64878,0,0,1,10000,9510.05
245282725,2025/04/22 08:37:30,2025/04/22 08:54:00,OANDA:XAUUSD,0,-168.2,buy,3453.151,3448.589,,3458.695,36.87,36.87,closed,2,,3448.58903,-1,0,1,10000,9341.85
245286033,2025/04/25 05:54:10,2025/04/25 05:54:45,OANDA:XAUUSD,0,-100.02,buy,3295.332,3291.895,,3295.695,29.1,29.1,closed,5,,3291.89489,-1,0,1,10000,9241.83
245286811,2025/04/25 11:43:05,2025/04/25 13:00:00,OANDA:XAUUSD,0,2.48,buy,3291.017,3286.751,3291.123,3303.155,23.44,23.44,closed,5,,3291.1228,0.02,0.02,1,10000,9244.31
245287699,2025/04/28 02:02:45,2025/04/28 02:10:20,OANDA:XAUUSD,0,-99.99,buy,3273.925,3268.893,,3279.42,19.87,19.87,closed,1,,3268.89279,-1,0,1,10000,9144.32
245288125,2025/04/30 09:18:30,2025/04/30 10:03:30,OANDA:XAUUSD,0,-99.98,buy,3279.444,3273.284,,3287.02,16.23,16.23,closed,3,,3273.2838,-1,0,1,10000,9044.34
246968118,2025/05/02 13:05:40,2025/05/02 15:49:20,OANDA:XAUUSD,0,-100.01,buy,3243.612,3232.87,,3264.72,9.31,9.31,closed,5,,3232.86979,-1,0,1,10000,9899.99
246972368,2025/05/07 06:10:55,2025/05/08 01:51:50,OANDA:XAUUSD,0,-99.98,sell,3395.16,3401.374,,3363.735,16.09,16.09,closed,3,,3401.3738,-1,0,1,10000,9800.01
246974898,2025/05/09 15:13:40,2025/05/12 07:00:50,OANDA:XAUUSD,0,1419.79,sell,3342.847,3348.772,3258.736,3120.765,16.88,16.88,closed,5,,3258.73622,14.2,14.2,1,10000,11219.8
246975391,2025/05/12 07:27:55,2025/05/12 09:56:00,OANDA:XAUUSD,0,-100.01,buy,3219.684,3213.418,,3237.135,15.96,15.96,closed,1,,3213.41771,-1,0,1,10000,11119.79
246976310,2025/05/13 12:20:20,2025/05/13 13:40:40,OANDA:XAUUSD,0,-99.99,buy,3238.275,3232.255,,3249.07,16.61,16.61,closed,2,,3232.25513,-1,0,1,10000,11019.8
246976781,2025/05/14 01:01:40,2025/05/14 02:37:50,OANDA:XAUUSD,0,-100.02,buy,3238.887,3230.573,,3251.905,12.03,12.03,closed,3,,3230.57279,-1,0,1,10000,10919.78
246979881,2025/05/16 10:51:10,2025/05/16 10:51:55,OANDA:XAUUSD,0,-100.03,buy,3183.214,3178.134,,3178.77,19.69,19.69,closed,5,,3178.13376,-1,0,1,10000,10819.75
246980989,2025/05/19 03:49:05,2025/05/20 19:43:50,OANDA:XAUUSD,651.99,1267.64,buy,3210.297,3203.867,3291.817,3366.015,15.55,15.55,closed,1,,3291.81726,12.68,12.68,1,10000,12087.39
246983982,2025/05/22 14:01:15,2025/05/23 11:49:40,OANDA:XAUUSD,0,1125.12,buy,3280.039,3274.079,3347.09,3366.015,16.78,16.78,closed,4,,3347.09025,11.25,11.25,1,10000,13212.51
246985229,2025/05/26 00:28:50,2025/05/26 09:26:40,OANDA:XAUUSD,0,-99.98,buy,3331.52,3324.742,,3356.995,14.75,14.75,closed,1,,3324.74169,-1,0,1,10000,13112.53
246985439,2025/05/27 05:46:10,2025/05/27 06:45:55,OANDA:XAUUSD,0,-99.98,buy,3319.998,3313.22,,3328.575,14.75,14.75,closed,2,,3313.21969,-1,0,1,10000,13012.55
246986555,2025/05/27 07:01:45,2025/05/27 07:51:20,OANDA:XAUUSD,0,-100.02,buy,3305.037,3298.867,,3312.715,16.21,16.21,closed,2,,3298.86673,-1,0,1,10000,12912.53
246986566,2025/05/27 07:51:20,2025/05/27 10:16:55,OANDA:XAUUSD,0,-100.02,buy,3299.038,3292.526,,3310.53,15.36,15.36,closed,2,,3292.52628,-1,0,1,10000,12812.51
246987398,2025/05/28 01:08:35,2025/05/28 01:43:00,OANDA:XAUUSD,0,-100,buy,3305.609,3302.598,,3309.355,33.21,33.21,closed,3,,3302.59786,-1,0,1,10000,12712.51
246987397,2025/05/28 01:05:10,2025/05/28 01:43:30,OANDA:XAUUSD,0,-100,buy,3307.255,3301.154,,3309.355,16.39,16.39,closed,3,,3301.15372,-1,0,1,10000,12612.51
246988223,2025/05/28 10:48:10,2025/05/28 12:12:15,OANDA:XAUUSD,0,-100.02,buy,3313.274,3307.227,,3315.27,16.54,16.54,closed,3,,3307.22684,-1,0,1,10000,12512.49
246988352,2025/05/28 13:43:25,2025/05/28 16:37:45,OANDA:XAUUSD,0,-100,buy,3297.437,3291.336,,3309.17,16.39,16.39,closed,3,,3291.33572,-1,0,1,10000,12412.49
246988724,2025/05/29 07:56:15,2025/05/29 10:16:15,OANDA:XAUUSD,0,-100,sell,3285.4,3291.546,,3276.33,16.27,16.27,closed,4,,3291.54628,-1,0,1,10000,12312.49
246989226,2025/05/30 13:10:00,,OANDA:XAUUSD,305.31,0,sell,3307.906,3313.868,,,16.77,0,open,5,,3307.906,0,0,1,10000,
